{"cam3": {"pose": [[-0.34158784882282156, -0.7442545281757516, -0.5739363543342476, 0.21297246324499225], [-0.43845053283567287, 0.666336042279083, -0.6031230463313129, 0.29956386711180366], [0.8313115371464007, 0.04562319639983437, -0.5539310897192451, -0.2146729809150551], [0.0, 0.0, 0.0, 1.0]], "intrinsics": {"K": [[613.6037159225353, 0.0, 320.0514993634105], [0.0, 610.0877045940183, 222.21238606735588], [0.0, 0.0, 1.0]], "distortion": [[0.05657584151698064, 0.4119991589704123, -0.0012002339693923763, -0.0007864488640984659, -1.987105521018292]]}}, "cam2": {"pose": [[-0.34158784882282156, -0.7442545281757516, -0.5739363543342476, 0.21297246324499225], [-0.43845053283567287, 0.666336042279083, -0.6031230463313129, 0.29956386711180366], [0.8313115371464007, 0.04562319639983437, -0.5539310897192451, -0.2146729809150551], [0.0, 0.0, 0.0, 1.0]], "intrinsics": {"K": [[613.6037159225353, 0.0, 320.0514993634105], [0.0, 610.0877045940183, 222.21238606735588], [0.0, 0.0, 1.0]], "distortion": [[0.05657584151698064, 0.4119991589704123, -0.0012002339693923763, -0.0007864488640984659, -1.987105521018292]]}}, "cam1": {"pose": [[-0.34158784882282156, -0.7442545281757516, -0.5739363543342476, 0.21297246324499225], [-0.43845053283567287, 0.666336042279083, -0.6031230463313129, 0.29956386711180366], [0.8313115371464007, 0.04562319639983437, -0.5539310897192451, -0.2146729809150551], [0.0, 0.0, 0.0, 1.0]], "intrinsics": {"K": [[613.6037159225353, 0.0, 320.0514993634105], [0.0, 610.0877045940183, 222.21238606735588], [0.0, 0.0, 1.0]], "distortion": [[0.05657584151698064, 0.4119991589704123, -0.0012002339693923763, -0.0007864488640984659, -1.987105521018292]]}}}